{"f1_score": {"accuracy": [0.9892011629516821], "recall": [0.9994663630865559], "precision": [0.9868277775826337], "f1": 0.9931068613241896}}